Year,GLD,WTI,CPER,KOL,SP500,CPI,EPU,UST10Y,USDINR,BRENT_diff
2011-12-01,169.6300049,100.1999969,25.20000076,364.7000122,1244.579956,225.672,115.59,2.11,51.36,2.569999699999997
2012-01-01,169.59500125,98.90499875500001,26.25,359.6000061,1284.334961,226.66750000000002,119.36,1.99,50.316900000000004,2.569999699999997
2012-02-01,169.5599976,97.61000061,27.29999924,354.5,1324.089966,227.663,123.13,1.87,49.2738,2.569999699999997
2012-03-01,166.6100006,108.8399963,27.71999931,350.2999878,1374.089966,229.392,91.38,2.03,49.14,14.6399993
2012-04-01,163.92164334918033,107.47803284754099,27.364262189508196,333.3262204081967,1390.2150378032786,229.60696721311476,91.52737704918033,2.004590163934426,50.84754098360656,3.8763965540983616
2012-05-01,161.3200073,106.1600037,27.02000046,316.8999939,1405.819946,229.815,91.67,1.98,52.5,-6.539993199999998
2012-06-01,157.5,83.23000336,23.37999916,243.5,1278.040039,229.478,169.4,1.47,55.44,-21.230003390000007
2012-07-01,156.33934396721313,86.0234461304918,23.783278635409836,239.31967213114754,1325.8826162131147,229.92111475409837,154.3409836065574,1.5142622950819673,55.45475409836065,-7.0857400227868865
2012-08-01,155.1399994,88.91000366,24.20000076,235.0,1375.319946,230.379,138.78,1.56,55.47,7.529998790000008
2012-09-01,163.8555700704918,90.72426580262295,25.053770438688527,235.0,1410.4719355737705,230.85568852459016,158.797868852459,1.600655737704918,53.94032786885246,6.869345344262295
2012-10-01,172.2899933,92.48000336,25.87999916,235.0,1444.48999,231.317,178.17,1.64,52.46,6.230003299999993
2012-11-01,166.0700073,87.08999634,24.84000015,259.1000061,1427.589966,230.221,196.81,1.75,53.76,-4.0200042000000025
2012-12-01,164.56348216956522,90.57260513347826,25.342173740217394,257.01304657826086,1455.496513173913,230.8552391304348,173.2013043478261,1.8445652173913043,53.56434782608695,0.09195496304347639
2013-01-01,163.0067395347826,94.17130088673913,25.861086450108697,254.85652173913041,1484.3332785869566,231.51061956521738,148.80565217391305,1.9422826086956522,53.36217391304348,4.340979431521738
2013-02-01,161.4499969,97.76999664,26.37999916,252.6999969,1513.170044,232.166,124.41,2.04,53.16,8.5900039
2013-03-01,152.4400024,90.68000031,24.43000031,233.3000031,1518.199951,232.773,324.04,1.86,54.9,-6.360000599999992
2013-04-01,154.6699982,97.06999969,24.01000023,224.6999969,1562.170044,232.531,104.12,1.86,54.28,0.6800003000000032
2013-05-01,141.1100006,91.02999878,21.17000008,214.0,1582.699951,232.945,74.13,1.66,53.65,-11.130004850000006
2013-06-01,130.95622843114754,94.56704749278688,21.393606906721313,195.09508354262294,1599.0943823114756,233.27583606557377,76.31524590163934,2.086885245901639,56.561967213114755,-3.9237713270491827
2013-07-01,121.1299973,97.98999786,21.61000061,176.8000031,1614.959961,233.596,78.43,2.5,59.38,3.050003050000001
2013-08-01,126.6100006,107.8899994,21.71999931,179.6999969,1706.869995,233.877,92.95,2.74,60.45,6.5400008999999955
2013-09-01,125.58344103770492,104.91704934262295,22.085901569344262,185.34098365737705,1700.8377024590163,233.7087868852459,183.82573770491803,2.699344262295082,61.47147540983607,2.4032798934426216
2013-10-01,124.5899963,102.0400009,22.44000053,190.8000031,1695.0,233.546,271.77,2.66,62.46,-1.599998499999998
2013-11-01,126.9499969,94.61000061,22.51000023,200.3999939,1761.640015,233.069,45.43,2.65,61.84,-2.029998699999993
2013-12-01,126.24271262847682,95.62920536165564,22.128543260463577,197.3403924629139,1786.2519365231788,233.86429801324502,52.024039735099336,2.673841059602649,61.446622516556296,-1.6843037927152271
2014-01-01,125.51185221456953,96.68238360503311,21.734371058609273,194.1788043112583,1811.6842554304635,234.68610596026488,58.83788079470199,2.698476821192053,61.04013245033113,-1.327085721854302
2014-02-01,124.78099180066225,97.7355618484106,21.340198856754967,191.01721615960264,1837.1165743377483,235.50791390728477,65.65172185430464,2.723112582781457,60.63364238410596,-0.969867650993377
2014-03-01,124.12085981390727,98.68681961662251,20.984172351854305,188.16158815165562,1860.0877010927152,236.25019205298014,71.80615894039735,2.745364238410596,60.26649006622517,-0.6472190708609289
2014-04-01,123.3899994,99.73999786,20.59000015,185.0,1885.52002,237.072,78.62,2.77,59.86,-0.29000100000000373
2014-05-01,123.8000031,99.41999817,20.45000076,190.6999969,1883.680054,237.9,70.5,2.63,60.11,2.1399993999999936
2014-06-01,125.78196716229508,102.42852180983607,21.034426796393443,188.92130837540984,1929.2347532131148,238.077868852459,82.71196721311476,2.604590163934426,60.07950819672131,3.3545892590163913
2014-07-01,127.6999969,105.3399963,21.60000038,187.1999969,1973.319946,238.25,94.53,2.58,60.05,4.529998800000001
2014-08-01,124.3799973,97.87999725,21.80999947,188.5,1925.150024,237.852,53.1,2.52,61.2,-7.4500046
2014-09-01,120.51261989508197,94.24639379770491,21.042622303934426,178.64098670655738,1935.8272421967213,237.6390655737705,56.00688524590164,2.469180327868852,61.45918032786886,-9.091473931803275
2014-10-01,116.7699966,90.73000336,20.29999924,169.1000061,1946.160034,237.433,58.82,2.42,61.71,-10.679992639999995
2014-11-01,116.67344186557378,79.68688689836065,19.852786552131146,162.87459626393442,2000.679331,236.10101639344262,47.84295081967213,2.318360655737705,61.826885245901636,-16.239669903934427
2014-12-01,116.5800018,69.0,19.42000008,156.8500061,2053.439941,234.812,37.22,2.22,61.94,-21.620002740000004
2015-01-01,116.32892657438016,64.1552892946281,19.166363775289255,150.71405256115702,2055.0411806694215,235.269826446281,49.5303305785124,2.130330578512397,61.99123966942149,-20.036696880578514
2015-02-01,116.07785134876033,59.310578589256195,18.912727470578513,144.57809902231406,2056.642420338843,235.727652892562,61.8406611570248,2.0406611570247937,62.04247933884297,-18.453391021157024
2015-03-01,115.85107372561984,54.934710855371904,18.683636614710743,139.03594743884298,2058.0887013305787,236.141173553719,72.9596694214876,1.9596694214876034,62.08876033057851,-17.023308309421484
2015-04-01,115.5999985,50.09000015,18.43000031,132.8999939,2059.689941,236.599,85.27,1.87,62.14,-15.440002449999994
2015-05-01,113.0800018,59.15000153,19.85000038,136.8999939,2108.290039,237.805,37.85,2.12,63.63,9.36000061
2015-06-01,114.0,60.20000076,18.5,126.0999985,2111.72998,238.638,33.34,2.19,63.59,-1.5800018300000005
2015-07-01,111.9800034,56.95999908,17.80999947,112.3000031,2077.419922,238.654,90.8,2.43,63.55,-2.8699989300000013
2015-08-01,110.59000015000001,51.184999465000004,16.624999525,100.700000785,1995.634949,238.2995,91.75999999999999,2.3,64.945,-7.65999794
2015-09-01,109.1999969,45.40999985,15.43999958,89.09999847,1913.849976,237.945,92.72,2.17,66.34,-12.44999695
2015-10-01,106.7300034,44.74000168,15.36999989,79.0,1923.819946,237.838,69.02,2.05,65.57,-1.8700027400000039
2015-11-01,104.46852565245902,43.27131152409836,14.561967021803278,76.71311475409836,2014.6905697213115,237.17073770491803,58.47491803278689,2.1008196721311476,66.0222950819672,-2.5713128229508215
2015-12-01,102.2799988,41.84999847,13.77999973,74.5,2102.629883,236.525,48.27,2.15,66.46,-3.25
2016-01-01,105.16500094999999,36.734999655,13.75,66.700000765,2021.004944,236.81799999999998,115.73499999999999,2.06,67.19,-6.5
2016-02-01,108.0500031,31.62000084,13.72000027,58.90000153,1939.380005,237.111,183.2,1.97,67.92,-9.75
2016-03-01,117.7699966,34.40000153,14.28999996,67.69999695,1978.349976,238.132,49.35,1.83,67.75,1.2700004500000048
2016-04-01,116.9300003,36.79000092,14.40999985,75.30000305,2072.780029,239.261,30.46,1.79,66.34,3.7000007699999955
2016-05-01,116.44311608688524,42.79983570688525,14.085409759836066,77.51311780409836,2085.837430147541,240.12509836065573,39.27803278688525,1.8195081967213116,66.88098360655738,6.822950832295081
2016-06-01,115.9400024,49.00999832,13.75,79.80000305,2099.330078,241.018,48.39,1.85,67.44,10.049999230000005
2016-07-01,128.4100037,48.99000168,14.73999977,94.69999695,2102.949951,240.628,108.22,1.46,67.24,0.13000106999999872
2016-08-01,129.2200012,40.06000137,14.57999992,105.5,2170.840088,240.849,74.99,1.51,66.63,-7.38999939
2016-09-01,125.2900009,43.15999985,13.69999981,105.5999985,2170.860107,241.428,38.52,1.57,66.85,4.5999984799999964
2016-10-01,124.03098573606557,44.88622853196721,14.137704895245902,119.61639568032787,2141.7747942131145,241.39111475409837,41.54950819672131,1.6978688524590164,66.77622950819672,2.967213616065573
2016-11-01,122.7300034,46.66999817,14.59000015,134.1000061,2111.719971,241.353,44.68,1.83,66.7,1.2800025900000023
2016-12-01,111.5400009,51.06000137,17.29999924,130.6000061,2191.080078,241.432,167.88,2.45,68.29,2.1299972500000024
2017-01-01,113.3699989,52.47000122,17.489999775,131.4500046,2235.3150635,242.51749999999998,163.08,2.465,67.845,3.664999009999999
2017-02-01,115.1999969,53.88000107,17.68000031,132.3000031,2279.550049,243.603,158.28,2.48,67.4,5.2000007699999955
2017-03-01,119.0599976,53.83000183,17.75,134.1000061,2395.959961,243.801,111.9,2.46,66.83,-0.06000137999999566
2017-04-01,119.36999790491804,51.294099336885246,17.50606580754098,135.72623408360656,2392.08247947541,244.27463934426228,104.57688524590164,2.3939344262295084,65.51885245901639,-2.1029504870491804
2017-05-01,119.6699982,48.84000015,17.27000046,137.3000031,2388.330078,244.733,97.49,2.33,64.25,-4.079998010000004
2017-06-01,120.7200012,48.36000061,16.85000038,127.6999969,2430.060059,244.955,100.04,2.21,64.39,-1.189998629999998
2017-07-01,120.68557511803279,48.753442859180325,17.69590168,136.89671673606557,2452.8256519508195,245.23237704918034,85.64491803278689,2.234590163934426,64.22770491803279,0.5263937650819674
2017-08-01,120.6500015,49.15999985,18.56999969,146.3999939,2476.350098,245.519,70.77,2.26,64.06,2.2999992399999982
2017-09-01,126.0599976,47.29000092,19.95000076,154.3999939,2476.550049,246.819,57.53,2.16,64.02,-0.31000137999999566
2017-10-01,123.62557284590164,50.737541077377045,20.013934773114755,152.97376739180328,2527.1123726065575,246.74522950819673,62.03983606557377,2.2632786885245904,64.28557377049181,4.253934329836064
2017-11-01,121.1100006,54.29999924,20.07999992,151.5,2579.360107,246.669,66.7,2.37,64.56,8.970001229999994
2017-12-01,121.5899963,58.36000061,19.75,154.3000031,2642.219971,246.524,86.95,2.37,64.5,2.2000007600000018
2018-01-01,124.83000179999999,62.08000183,20.13500023,167.4500046,2732.0999755000003,247.7575,68.36500000000001,2.5749999999999997,64.235,3.8950004550000017
2018-02-01,128.0700073,65.80000305,20.52000046,180.6000061,2821.97998,248.991,49.78,2.78,63.97,5.590000150000002
2018-03-01,124.7200012,60.99000168,19.94000053,171.8000031,2677.669922,249.554,69.3,2.81,65.2,-3.3700027499999976
2018-04-01,124.2067214442623,64.17131230163935,19.64524647229508,161.8393442114754,2666.0475275245904,250.58767213114754,85.85196721311476,2.8913114754098364,65.87081967213115,3.150162119508196
2018-05-01,123.7099991,67.25,19.36000061,152.1999969,2654.800049,251.588,101.87,2.97,66.52,9.459999089999997
2018-06-01,122.4899979,65.80999756,19.64999962,169.1999969,2734.620117,251.989,109.62,2.89,66.99,2.4199981699999995
2018-07-01,118.87524453934427,66.71983662557378,18.489344521639346,166.1508180967213,2773.3447022459018,252.0662131147541,84.0904918032787,2.9440983606557376,67.66868852459017,-0.4127860152459015
2018-08-01,115.1399994,67.66000366,17.29000092,163.0,2813.360107,252.146,57.71,3.0,68.37,-3.339996339999999
2018-09-01,113.83393397868852,71.54262630081968,17.386557595737706,159.59508354262294,2869.8868186557374,252.52155737704916,113.09327868852458,3.0457377049180328,70.68229508196721,3.8103313763934414
2018-10-01,112.5699997,75.30000305,17.47999954,156.3000031,2924.590088,252.885,166.69,3.09,72.92,10.730003359999998
2018-11-01,116.6299973,63.68999863,17.04999924,151.1000061,2740.370117,252.038,84.17,3.14,73.45,-9.480003359999998
2018-12-01,119.19630252826087,60.94108548543478,17.138042865,147.8717422304348,2729.335305695652,252.27865217391306,87.96565217391304,2.996521739130435,72.78478260869565,-10.833263482826085
2019-01-01,121.84815126413044,58.10054190271739,17.2290212775,144.53586956521738,2717.9326673478263,252.52732608695652,91.88782608695652,2.8482608695652174,72.09739130434782,-12.231632276413041
2019-02-01,124.5,55.25999832,17.31999969,141.1999969,2706.530029,252.776,95.81,2.7,71.41,-13.630001069999999
2019-03-01,121.8799973,55.79999924,18.26000023,137.8999939,2803.689941,254.202,110.76,2.76,70.9,3.2000007600000018
2019-04-01,121.5299988,61.59000015,18.29999924,137.6999969,2867.189941,255.548,117.34,2.49,69.18,3.9400024499999944
2019-05-01,120.4000015,63.59999847,17.47999954,134.2449951,2923.72998,256.092,112.75,2.52,69.52,3.1699981699999995
2019-06-01,125.59376873934427,61.30803211065574,17.119180335409837,134.12048939344263,2944.3628166885246,256.3354262295082,144.19213114754098,2.270983606557377,69.18967213114755,-2.059346559836065
2019-07-01,130.6199951,59.09000015,16.77000046,134.0,2964.330078,256.571,174.62,2.03,68.87,-7.120002749999998
2019-08-01,136.4100037,53.95000076,16.45999908,117.8000031,2953.560059,256.558,150.2,1.9,69.0,-4.559997559999999
2019-09-01,138.046397752459,53.78229491196721,16.271966836885248,112.51780388852458,2946.7959306557377,256.9584590163934,106.94229508196722,1.772950819672131,70.07229508196721,-3.0608187821311477
2019-10-01,139.6300049,53.61999893,16.09000015,107.4059982,2940.25,257.346,65.08,1.65,71.11,-1.6100006100000002
2019-11-01,142.5599976,56.20000076,16.67000008,110.3000031,3066.909912,257.208,35.14,1.73,70.76,2.7999992399999982
2019-12-01,143.91986588289473,49.116447873815794,16.05815789776316,100.53026549605264,2949.197429368421,257.0463552631579,121.91697368421053,1.5109210526315788,71.87315789473685,-5.045395121842105
2020-01-01,145.32506310855263,41.796776558092105,15.425920976118421,90.43486997197368,2827.5611973157897,256.8793223684211,211.58651315789473,1.2845394736842106,73.02342105263159,-13.152302629078946
2020-02-01,146.73026033421053,34.477105242368424,14.793684054473685,80.33947444789473,2705.924965263158,256.7122894736842,301.25605263157894,1.058157894736842,74.17368421052632,-21.259210136315787
2020-03-01,148.0447996743421,27.629670785723686,14.202236611644736,70.89539476407894,2592.1362320526314,256.55603289473686,385.1404605263158,0.8463815789473684,75.24973684210526,-28.843091352763153
2020-04-01,149.4499969,20.30999947,13.56999969,60.79999924,2470.5,256.389,474.81,0.62,76.4,-36.949998859999994
2020-05-01,159.7799988,19.78000069,14.55000019,62.18000031,2830.709961,256.394,516.72,0.64,75.75,1.7000007599999982
2020-06-01,163.6600037,35.43999863,15.59000015,71.15000153,3055.72998,257.797,226.8,0.66,75.56,11.879999160000004
2020-07-01,166.6199951,39.81999969,17.11000061,71.4835968,3115.860107,259.101,329.62,0.69,75.5,3.7099990899999966
2020-08-01,175.8349991,41.289999005,17.920000075,73.2417984,3321.2550045,259.6905,267.155,0.685,74.25,3.6300010699999987
2020-09-01,185.0500031,42.75999832,18.72999954,75.0,3526.649902,260.28,204.69,0.68,73.0,3.550003050000001
2020-10-01,178.6999969,38.72000122,17.86000061,78.74169922,3380.800049,260.388,259.5,0.68,73.18,-4.6500015200000036
2020-11-01,174.37015870000002,41.682787099016394,19.821639293606555,85.48485928114754,3523.933605754098,260.4317049180328,253.75737704918032,0.8019672131147542,73.34770491803279,1.0113096403278687
2020-12-01,170.1799927,44.54999924,21.71999931,92.01049805,3662.449951,260.474,248.2,0.92,73.51,6.489997860000003
