Year,GLD,WTI,BRENT,CPER,KOL,SP500,CPI,EPU,UST10Y,USDINR
01-12-2011,169.6300049,100.1999969,108.9899979,25.20000076,364.7000122,1244.579956,225.672,115.59,2.11,51.36
01-02-2012,169.5599976,97.61000061,111.5599976,27.29999924,354.5,1324.089966,227.663,123.13,1.87,49.2738
01-03-2012,166.6100006,108.8399963,126.1999969,27.71999931,350.2999878,1374.089966,229.392,91.38,2.03,49.14
01-05-2012,161.3200073,106.1600037,119.6600037,27.02000046,316.8999939,1405.819946,229.815,91.67,1.98,52.5
01-06-2012,157.5,83.23000336,98.43000031,23.37999916,243.5,1278.040039,229.478,169.4,1.47,55.44
01-08-2012,155.1399994,88.91000366,105.9599991,24.20000076,235,1375.319946,230.379,138.78,1.56,55.47
01-10-2012,172.2899933,92.48000336,112.1900024,25.87999916,235,1444.48999,231.317,178.17,1.64,52.46
01-11-2012,166.0700073,87.08999634,108.1699982,24.84000015,259.1000061,1427.589966,230.221,196.81,1.75,53.76
01-02-2013,161.4499969,97.76999664,116.7600021,26.37999916,252.6999969,1513.170044,232.166,124.41,2.04,53.16
01-03-2013,152.4400024,90.68000031,110.4000015,24.43000031,233.3000031,1518.199951,232.773,324.04,1.86,54.9
01-04-2013,154.6699982,97.06999969,111.0800018,24.01000023,224.6999969,1562.170044,232.531,104.12,1.86,54.28
01-05-2013,141.1100006,91.02999878,99.94999695,21.17000008,214,1582.699951,232.945,74.13,1.66,53.65
01-07-2013,121.1299973,97.98999786,103,21.61000061,176.8000031,1614.959961,233.596,78.43,2.5,59.38
01-08-2013,126.6100006,107.8899994,109.5400009,21.71999931,179.6999969,1706.869995,233.877,92.95,2.74,60.45
01-10-2013,124.5899963,102.0400009,107.9400024,22.44000053,190.8000031,1695,233.546,271.77,2.66,62.46
01-11-2013,126.9499969,94.61000061,105.9100037,22.51000023,200.3999939,1761.640015,233.069,45.43,2.65,61.84
01-04-2014,123.3899994,99.73999786,105.6200027,20.59000015,185,1885.52002,237.072,78.62,2.77,59.86
01-05-2014,123.8000031,99.41999817,107.7600021,20.45000076,190.6999969,1883.680054,237.9,70.5,2.63,60.11
01-07-2014,127.6999969,105.3399963,112.2900009,21.60000038,187.1999969,1973.319946,238.25,94.53,2.58,60.05
01-08-2014,124.3799973,97.87999725,104.8399963,21.80999947,188.5,1925.150024,237.852,53.1,2.52,61.2
01-10-2014,116.7699966,90.73000336,94.16000366,20.29999924,169.1000061,1946.160034,237.433,58.82,2.42,61.71
01-12-2014,116.5800018,69,72.54000092,19.42000008,156.8500061,2053.439941,234.812,37.22,2.22,61.94
01-04-2015,115.5999985,50.09000015,57.09999847,18.43000031,132.8999939,2059.689941,236.599,85.27,1.87,62.14
01-05-2015,113.0800018,59.15000153,66.45999908,19.85000038,136.8999939,2108.290039,237.805,37.85,2.12,63.63
01-06-2015,114,60.20000076,64.87999725,18.5,126.0999985,2111.72998,238.638,33.34,2.19,63.59
01-07-2015,111.9800034,56.95999908,62.00999832,17.80999947,112.3000031,2077.419922,238.654,90.8,2.43,63.55
01-09-2015,109.1999969,45.40999985,49.56000137,15.43999958,89.09999847,1913.849976,237.945,92.72,2.17,66.34
01-10-2015,106.7300034,44.74000168,47.68999863,15.36999989,79,1923.819946,237.838,69.02,2.05,65.57
01-12-2015,102.2799988,41.84999847,44.43999863,13.77999973,74.5,2102.629883,236.525,48.27,2.15,66.46
01-02-2016,108.0500031,31.62000084,34.68999863,13.72000027,58.90000153,1939.380005,237.111,183.2,1.97,67.92
01-03-2016,117.7699966,34.40000153,35.95999908,14.28999996,67.69999695,1978.349976,238.132,49.35,1.83,67.75
01-04-2016,116.9300003,36.79000092,39.65999985,14.40999985,75.30000305,2072.780029,239.261,30.46,1.79,66.34
01-06-2016,115.9400024,49.00999832,49.70999908,13.75,79.80000305,2099.330078,241.018,48.39,1.85,67.44
01-07-2016,128.4100037,48.99000168,49.84000015,14.73999977,94.69999695,2102.949951,240.628,108.22,1.46,67.24
01-08-2016,129.2200012,40.06000137,42.45000076,14.57999992,105.5,2170.840088,240.849,74.99,1.51,66.63
01-09-2016,125.2900009,43.15999985,47.04999924,13.69999981,105.5999985,2170.860107,241.428,38.52,1.57,66.85
01-11-2016,122.7300034,46.66999817,48.33000183,14.59000015,134.1000061,2111.719971,241.353,44.68,1.83,66.7
01-12-2016,111.5400009,51.06000137,50.45999908,17.29999924,130.6000061,2191.080078,241.432,167.88,2.45,68.29
01-02-2017,115.1999969,53.88000107,55.65999985,17.68000031,132.3000031,2279.550049,243.603,158.28,2.48,67.4
01-03-2017,119.0599976,53.83000183,55.59999847,17.75,134.1000061,2395.959961,243.801,111.9,2.46,66.83
01-05-2017,119.6699982,48.84000015,51.52000046,17.27000046,137.3000031,2388.330078,244.733,97.49,2.33,64.25
01-06-2017,120.7200012,48.36000061,50.33000183,16.85000038,127.6999969,2430.060059,244.955,100.04,2.21,64.39
01-08-2017,120.6500015,49.15999985,52.63000107,18.56999969,146.3999939,2476.350098,245.519,70.77,2.26,64.06
01-09-2017,126.0599976,47.29000092,52.31999969,19.95000076,154.3999939,2476.550049,246.819,57.53,2.16,64.02
01-11-2017,121.1100006,54.29999924,61.29000092,20.07999992,151.5,2579.360107,246.669,66.7,2.37,64.56
01-12-2017,121.5899963,58.36000061,63.49000168,19.75,154.3000031,2642.219971,246.524,86.95,2.37,64.5
01-02-2018,128.0700073,65.80000305,69.08000183,20.52000046,180.6000061,2821.97998,248.991,49.78,2.78,63.97
01-03-2018,124.7200012,60.99000168,65.70999908,19.94000053,171.8000031,2677.669922,249.554,69.3,2.81,65.2
01-05-2018,123.7099991,67.25,75.16999817,19.36000061,152.1999969,2654.800049,251.588,101.87,2.97,66.52
01-06-2018,122.4899979,65.80999756,77.58999634,19.64999962,169.1999969,2734.620117,251.989,109.62,2.89,66.99
01-08-2018,115.1399994,67.66000366,74.25,17.29000092,163,2813.360107,252.146,57.71,3,68.37
01-10-2018,112.5699997,75.30000305,84.98000336,17.47999954,156.3000031,2924.590088,252.885,166.69,3.09,72.92
01-11-2018,116.6299973,63.68999863,75.5,17.04999924,151.1000061,2740.370117,252.038,84.17,3.14,73.45
01-02-2019,124.5,55.25999832,61.86999893,17.31999969,141.1999969,2706.530029,252.776,95.81,2.7,71.41
01-03-2019,121.8799973,55.79999924,65.06999969,18.26000023,137.8999939,2803.689941,254.202,110.76,2.76,70.9
01-04-2019,121.5299988,61.59000015,69.01000214,18.29999924,137.6999969,2867.189941,255.548,117.34,2.49,69.18
01-05-2019,120.4000015,63.59999847,72.18000031,17.47999954,134.2449951,2923.72998,256.092,112.75,2.52,69.52
01-07-2019,130.6199951,59.09000015,65.05999756,16.77000046,134,2964.330078,256.571,174.62,2.03,68.87
01-08-2019,136.4100037,53.95000076,60.5,16.45999908,117.8000031,2953.560059,256.558,150.2,1.9,69
01-10-2019,139.6300049,53.61999893,58.88999939,16.09000015,107.4059982,2940.25,257.346,65.08,1.65,71.11
01-11-2019,142.5599976,56.20000076,61.68999863,16.67000008,110.3000031,3066.909912,257.208,35.14,1.73,70.76
01-04-2020,149.4499969,20.30999947,24.73999977,13.56999969,60.79999924,2470.5,256.389,474.81,0.62,76.4
01-05-2020,159.7799988,19.78000069,26.44000053,14.55000019,62.18000031,2830.709961,256.394,516.72,0.64,75.75
01-06-2020,163.6600037,35.43999863,38.31999969,15.59000015,71.15000153,3055.72998,257.797,226.8,0.66,75.56
01-07-2020,166.6199951,39.81999969,42.02999878,17.11000061,71.4835968,3115.860107,259.101,329.62,0.69,75.5
01-09-2020,185.0500031,42.75999832,45.58000183,18.72999954,75,3526.649902,260.28,204.69,0.68,73
01-10-2020,178.6999969,38.72000122,40.93000031,17.86000061,78.74169922,3380.800049,260.388,259.5,0.68,73.18
01-12-2020,170.1799927,44.54999924,47.41999817,21.71999931,92.01049805,3662.449951,260.474,248.2,0.92,73.51
